Dataset,F1_measure,Accuracy
HDFS,0.965812,0.545000
Hadoop,0.811246,0.422000
Spark,0.804560,0.685000
Zookeeper,0.923766,0.725500
BGL,0.955247,0.572500
HPC,0.979433,0.838500
Thunderbird,0.988334,0.882000
Windows,0.907062,0.696500
Linux,0.556248,0.296500
Android,0.983652,0.881500
HealthApp,0.811914,0.331000
Apache,0.942897,0.730500
Proxifier,0.775799,0.518000
OpenSSH,0.975529,0.521000
OpenStack,0.973587,0.867000
Mac,0.882471,0.557500
