Dataset,F1_measure,Accuracy
HDFS,0.999984,0.997500
Hadoop,0.998749,0.949000
Spark,0.999980,0.997500
Zookeeper,0.999800,0.987500
BGL,0.999932,0.986000
HPC,0.997707,0.945000
Thunderbird,0.999933,0.971000
Windows,0.999995,0.997000
Linux,0.999992,0.996000
Android,0.987429,0.863000
HealthApp,1.000000,1.000000
Apache,1.000000,1.000000
Proxifier,0.786427,0.526500
OpenSSH,0.999996,0.998500
OpenStack,1.000000,1.000000
Mac,0.995821,0.942000
