Dataset,F1_measure,Accuracy
HDFS,1.000000,1.000000
Hadoop,0.996377,0.954000
Spark,0.991876,0.920000
Zookeeper,0.999462,0.961500
BGL,0.999110,0.939000
HPC,0.978379,0.829000
Thunderbird,0.998711,0.663000
Windows,0.994604,0.567000
Linux,0.964118,0.671500
Android,0.949163,0.756000
HealthApp,0.958110,0.821500
Apache,1.000000,1.000000
Proxifier,0.786398,0.516500
OpenSSH,0.997591,0.541500
OpenStack,0.909057,0.330500
Mac,0.957185,0.670500
