Dataset,F1_measure,Accuracy
HDFS,0.999545,0.885000
Hadoop,0.998121,0.900000
Spark,0.999968,0.993500
Zookeeper,0.998478,0.838500
BGL,0.997902,0.854000
HPC,0.975881,0.816500
Thunderbird,0.998657,0.648500
Windows,0.910200,0.588000
Linux,0.581437,0.278500
Android,0.923801,0.670000
HealthApp,0.916975,0.548500
Apache,1.000000,1.000000
Proxifier,0.801480,0.025500
OpenSSH,0.977020,0.500500
OpenStack,0.901897,0.200000
Mac,0.933583,0.599000
