Dataset,F1_measure,Accuracy
HDFS,0.878375,0.508000
Hadoop,0.991263,0.632500
Spark,0.950993,0.543500
Zookeeper,0.998232,0.782500
BGL,0.933208,0.232000
HPC,0.745191,0.382000
Thunderbird,0.982687,0.755500
Windows,0.914486,0.681500
Linux,0.651881,0.107000
Android,0.856164,0.483500
HealthApp,0.610617,0.092000
Apache,0.949806,0.730500
Proxifier,0.910655,0.493500
OpenSSH,0.969419,0.442000
OpenStack,0.996399,0.838500
Mac,0.937878,0.517500
