Dataset,F1_measure,Accuracy
HDFS,1.000000,1.000000
Hadoop,0.920197,0.777500
Spark,0.991018,0.905000
Zookeeper,0.999549,0.963500
BGL,0.956932,0.786500
HPC,0.986063,0.654000
Thunderbird,0.994456,0.843500
Windows,0.999974,0.988500
Linux,0.936822,0.605000
Android,0.983419,0.862500
HealthApp,0.886674,0.639000
Apache,1.000000,1.000000
Proxifier,0.832044,0.526500
OpenSSH,0.918042,0.555500
OpenStack,0.994108,0.764000
Mac,0.963472,0.756500
