Dataset,F1_measure,Accuracy
HDFS,0.999984,0.997500
Hadoop,0.997513,0.867000
Spark,0.991526,0.906000
Zookeeper,0.993337,0.660000
BGL,0.994450,0.711000
HPC,0.541336,0.324500
Thunderbird,0.911185,0.576000
Windows,0.912983,0.700500
Linux,0.975457,0.671500
Android,0.843701,0.585000
HealthApp,0.842471,0.397000
Apache,1.000000,1.000000
Proxifier,0.779640,0.516500
OpenSSH,0.997639,0.619000
OpenStack,0.993697,0.721500
Mac,0.959845,0.595000
