Dataset,F1_measure,Accuracy
HDFS,0.998840,0.850500
Hadoop,0.995530,0.869500
Spark,0.841196,0.575500
Zookeeper,0.985402,0.687500
BGL,0.970038,0.724500
HPC,0.975752,0.784000
Thunderbird,0.998775,0.918500
Windows,0.999987,0.992500
Linux,0.938952,0.611500
Android,0.893388,0.504000
HealthApp,0.917665,0.686500
Apache,1.000000,1.000000
Proxifier,0.719125,0.516500
OpenSSH,0.775875,0.430500
OpenStack,0.994108,0.743000
Mac,0.981544,0.876000
